title,category,views,likes,publish_time,thumbnail
BLACKPINK - ‚ÄòGO‚Äô M/V,10,22995012,2770276,2026-02-27T05:00:07Z,https://i.ytimg.com/vi/2GJfWMYCWY0/hqdefault.jpg
[Official Trailer] ‡∏£‡∏±‡∏Å‡∏Ñ‡∏£‡∏π‡πÄ‡∏ó‡πà‡∏≤‡πÇ‡∏•‡∏Å‡πÄ‡∏•‡∏¢ Love you teacher #LoveYouTeacherSeries,24,44216,23560,2026-02-28T08:00:44Z,https://i.ytimg.com/vi/c4QnAOLeI2o/hqdefault.jpg
‡πÄ‡∏à‡∏≠‡∏•‡∏∏‡∏á‡∏´‡∏•‡πà‡∏≠ ‡∏ö‡∏≠‡∏Å‡∏ï‡πà‡∏≠‡∏î‡πâ‡∏ß‡∏¢ | RESIDENT EVIL Requiem - Part 1,20,849475,47087,2026-02-27T10:15:42Z,https://i.ytimg.com/vi/ztXkQqbCSBI/hqdefault.jpg
PURPEECH - ‡∏´‡∏ô‡∏∂‡πà‡∏á‡∏Ñ‡∏ô‡∏ï‡∏£‡∏á‡∏ô‡∏µ‡πâ (I'm here) [Official MV],10,498367,17497,2026-02-25T12:00:35Z,https://i.ytimg.com/vi/HSUY57U2kJ4/hqdefault.jpg
‡∏´‡∏á‡∏™‡∏≤‡∏ß‡∏î‡∏µ | OFFICIAL TRAILER | oneD ORIGINAL,22,178992,4951,2026-02-25T10:52:10Z,https://i.ytimg.com/vi/sG_evzso8UI/hqdefault.jpg
‡∏™‡∏±‡∏°‡∏ú‡∏±‡∏™‡πÅ‡∏£‡∏Å‡∏ö‡∏ô PC | Resident Evil 9,20,589915,24385,2026-02-27T17:31:10Z,https://i.ytimg.com/vi/uom5GdkdWas/hqdefault.jpg
URBOYTJ - ‡πÑ‡∏õ‡πÄ‡∏à‡πá‡∏ö‡∏Å‡∏±‡∏ö‡πÄ‡∏Ñ‡πâ‡∏≤‡∏ã‡∏∞‡πÉ‡∏´‡πâ‡∏û‡∏≠ FT. GAVIN:D POPPY CHATCHAYA - LIVE SESSION,10,192035,9647,2026-02-26T13:00:16Z,https://i.ytimg.com/vi/9-NY6UgTYsk/hqdefault.jpg
[OFFICIAL TRAILER] ‡∏™‡∏≠‡∏î‡∏™‡∏£‡πâ‡∏≠‡∏¢‡∏°‡∏≤‡∏•‡∏≤ | one ‡∏™‡∏ô‡∏±‡πà‡∏ô‡∏à‡∏≠ 2026,24,83280,2336,2026-02-25T08:52:49Z,https://i.ytimg.com/vi/xwUtGmDg1nQ/hqdefault.jpg
‡∏ó‡∏µ‡πà‡∏™‡∏∏‡∏î‡πÄ‡∏£‡∏≤‡∏Å‡πá‡∏ï‡πâ‡∏≠‡∏á‡∏à‡∏≤‡∏Å‡∏•‡∏≤ Poppy Playtime Chapter 5,20,105598,3562,2026-02-28T03:23:55Z,https://i.ytimg.com/vi/D0sXHRJ9_Is/hqdefault.jpg
YOUNGOHM - ‡πÑ‡∏≠‡πÄ‡∏ô‡∏£‡∏Ñ‡∏∏‡∏ì (Official Visualizer),10,407740,15877,2026-02-25T12:01:01Z,https://i.ytimg.com/vi/-Ovhxt7cNDE/hqdefault.jpg
Forged in Fury | Shyvana Champion Update Trailer - League of Legends,20,567354,33294,2026-02-27T16:00:59Z,https://i.ytimg.com/vi/Xoq33mAQFlg/hqdefault.jpg
‡∏´‡∏°‡∏π‡∏™‡∏±‡∏ö VS ‡∏´‡∏°‡∏π‡∏¢‡∏≠,20,283218,7203,2026-02-27T17:38:02Z,https://i.ytimg.com/vi/jNaxLP15eks/hqdefault.jpg
X Y Z - BLACK PIRANYA„ÄåOfficial MV„Äç,10,147866,8344,2026-02-26T11:00:48Z,https://i.ytimg.com/vi/RB9smoZGq_o/hqdefault.jpg
‡∏û‡∏£‡∏∞‡πÑ‡∏°‡πâ - Official Trailer,1,14126,316,2026-02-27T03:00:33Z,https://i.ytimg.com/vi/MeQu1tO_LjY/hqdefault.jpg
‡πÄ‡∏Ç‡∏ï‡∏Å‡∏±‡∏Å‡∏ï‡∏±‡∏ß‡πÑ‡∏°‡πà‡∏õ‡∏•‡∏≠‡∏î‡∏†‡∏±‡∏¢‡∏≠‡∏µ‡∏Å‡πÅ‡∏•‡πâ‡∏ß #2 | Quarantine Zone,20,156813,4612,2026-02-27T10:28:18Z,https://i.ytimg.com/vi/hIAQ7CtQ7cE/hqdefault.jpg
‡πÑ‡∏°‡πà‡πÄ‡∏Ñ‡∏¢‡πÑ‡∏Å‡∏•‡∏û‡∏≠ - Silly Fools I OFFICIAL MV,10,550141,8679,2026-02-26T05:00:06Z,https://i.ytimg.com/vi/iIGZvC1uT4w/hqdefault.jpg
‡πÄ‡∏™‡πâ‡∏ô‡∏ï‡∏≤‡∏¢ ‡∏™‡∏≤‡∏¢‡∏•‡∏ß‡∏á | ‡∏ï‡∏±‡∏ß‡∏≠‡∏¢‡πà‡∏≤‡∏á‡∏≠‡∏¢‡πà‡∏≤‡∏á‡πÄ‡∏õ‡πá‡∏ô‡∏ó‡∏≤‡∏á‡∏Å‡∏≤‡∏£ | Netflix,24,80250,1651,2026-02-26T05:00:00Z,https://i.ytimg.com/vi/XgUHnuNN2lA/hqdefault.jpg
‡∏ô‡∏µ‡πà‡∏Ñ‡∏∑‡∏≠‡∏ó‡∏µ‡∏° 400 ‡∏î‡∏£‡∏≤‡∏ü‡∏ó‡πå? | FC Mobile,20,153946,3651,2026-02-27T09:56:00Z,https://i.ytimg.com/vi/FrYj3EoQMn0/hqdefault.jpg
TATTOO COLOUR - ‡∏Ç‡∏≠‡πÉ‡∏´‡πâ‡πÄ‡∏£‡∏≤‡∏ó‡∏±‡πâ‡∏á‡∏Ñ‡∏π‡πà‡πÇ‡∏ä‡∏Ñ‡∏î‡∏µ | Good Luck to The Both of Us [Music Video],10,595724,23076,2026-02-24T12:00:07Z,https://i.ytimg.com/vi/ZP6EgIToxyA/hqdefault.jpg
Kong Smashes ground Angry At Humans (2026) 4K Scene | Monarch: Legacy Of Monsters Fight Clip Trailer,1,228150,3131,2026-02-27T19:05:36Z,https://i.ytimg.com/vi/QDGKU9RkoZY/hqdefault.jpg
‡∏û‡∏¥‡∏™‡∏π‡∏à‡∏ô‡πå ‡∏â‡∏≤‡∏Å END ‡∏•‡∏±‡∏ö!üò® ‡∏ñ‡πâ‡∏≤‡∏ú‡∏°‡∏ä‡πà‡∏ß‡∏¢ LILLY‚Ä¶‡∏à‡∏∞‡πÄ‡∏Å‡∏¥‡∏î‡∏≠‡∏∞‡πÑ‡∏£‡∏Ç‡∏∂‡πâ‡∏ô!? | Poppy Playtime Chapter 5,20,148762,2290,2026-02-27T08:30:22Z,https://i.ytimg.com/vi/sYOGkfbVhzQ/hqdefault.jpg
OABNITHI - ‡πÑ‡∏°‡πà‡∏≠‡∏¢‡∏≤‡∏Å‡∏£‡∏±‡∏Å‡∏Ñ‡∏ô‡∏≠‡∏∑‡πà‡∏ô‡πÅ‡∏•‡πâ‡∏ß (The Chosen One) [Official MV],10,85231,3350,2026-02-26T12:00:02Z,https://i.ytimg.com/vi/aUk_XvzIcPo/hqdefault.jpg
The Face Men Thailand Season 4 | [Official Teaser Trailer] | ‡∏ï‡∏±‡∏ß‡∏≠‡∏¢‡πà‡∏≤‡∏á‡∏£‡∏≤‡∏¢‡∏Å‡∏≤‡∏£,24,67311,1788,2026-02-25T14:04:12Z,https://i.ytimg.com/vi/ErdB1A_Wpmw/hqdefault.jpg
‡∏™‡∏£‡πâ‡∏≤‡∏á‡∏õ‡πâ‡∏≠‡∏°‡∏õ‡∏∑‡∏ô ‡∏õ‡πâ‡∏≠‡∏á‡∏Å‡∏±‡∏ô‡∏´‡∏ô‡∏≠‡∏ô 67 üí£ Roblox,20,105982,1234,2026-02-27T09:38:00Z,https://i.ytimg.com/vi/j5ZxkvTzDGU/hqdefault.jpg
Bruno Mars - Risk It All [Official Music Video],10,5536349,366604,2026-02-27T05:00:08Z,https://i.ytimg.com/vi/lY5V4hSLWY8/hqdefault.jpg
‡∏à‡∏µ,20,106782,8289,2026-02-28T05:00:11Z,https://i.ytimg.com/vi/7tpVp1Oamrs/hqdefault.jpg
‡∏ö‡∏∏‡∏ç‡∏ú‡∏•‡∏≤‡∏´‡∏°‡∏î‡∏≠‡∏≤‡∏¢‡∏∏ -  ‡∏°‡∏ô‡∏ï‡πå‡πÅ‡∏Ñ‡∏ô ‡πÅ‡∏Å‡πà‡∏ô‡∏Ñ‡∏π‡∏ô √ó ‡πÄ‡∏ß‡∏µ‡∏¢‡∏á ‡∏ô‡∏§‡∏°‡∏•„ÄêOFFICIAL MV„Äë,10,1584106,23343,2026-02-23T11:01:22Z,https://i.ytimg.com/vi/qpzP7GGr8sg/hqdefault.jpg
‡∏ï‡∏±‡∏ß‡πÄ‡∏≠‡∏Å‡πÄ‡∏õ‡πá‡∏ô‡πÉ‡∏Ñ‡∏£? ‡∏â‡∏ö‡∏±‡∏ö Poppy Playtime Chapter 5,20,112367,4276,2026-02-27T11:34:51Z,https://i.ytimg.com/vi/HuKb5ijPaE4/hqdefault.jpg
‡πÄ‡∏û‡∏•‡∏á‡πÄ‡∏Å‡πà‡∏≤‡∏ó‡∏µ‡πà‡∏Ñ‡∏¥‡∏î‡∏ñ‡∏∂‡∏á‡∏¢‡∏∏‡∏Ñ90 ‡πÄ‡∏´‡∏ï‡∏∏‡∏ú‡∏•‡πÇ‡∏î‡∏ô‡πÉ‡∏à‡∏¢‡∏∏‡∏Ñ90 ‡∏Ñ‡∏±‡∏î‡πÄ‡∏û‡∏•‡∏á‡∏ï‡∏¥‡∏î‡∏≠‡∏±‡∏ô‡∏î‡∏±‡∏ö üíó ‡∏£‡∏ß‡∏°‡πÄ‡∏û‡∏•‡∏á‡∏™‡∏ï‡∏£‡∏¥‡∏á‡∏¢‡∏∏‡∏Ñ90‡πÄ‡∏û‡∏£‡∏≤‡∏∞‡πÜ ‡∏ü‡∏±‡∏á‡∏¢‡∏≤‡∏ß‡∏ï‡πà‡∏≠‡πÄ‡∏ô‡∏∑‡πà‡∏≠‡∏á,10,40160,168,2026-02-26T22:00:23Z,https://i.ytimg.com/vi/BfzGvWrJ-GE/hqdefault.jpg
‡πÄ‡∏õ‡πá‡∏ô‡πÑ‡∏Å‡πà‡∏´‡∏ô‡∏µ‡∏à‡∏≤‡∏Å‡πÇ‡∏£‡∏á‡πÄ‡∏ä‡∏∑‡∏≠‡∏î ,20,119718,2335,2026-02-27T09:30:27Z,https://i.ytimg.com/vi/tJVKKcUZgEI/hqdefault.jpg
‡πÇ‡∏ü‡∏•‡πå‡∏Ñ‡∏ã‡∏≠‡∏á ‡∏î‡∏ô‡∏ï‡∏£‡∏µ‡∏™‡∏î ‡πÄ‡∏≠‡∏≤‡πÉ‡∏à‡πÄ‡∏û‡∏∑‡πà‡∏≠‡∏ä‡∏µ‡∏ß‡∏¥‡∏ï ‡πÇ‡∏Ñ‡∏ï‡∏£‡πÄ‡∏û‡∏£‡∏≤‡∏∞ ‡∏°‡∏±‡∏ô‡∏™‡πå‡πÜ‡∏à‡∏π‡∏ô‡πÄ‡∏ö‡∏™‡∏à‡∏±‡∏î‡πÄ‡∏ï‡πá‡∏° ‡πÄ‡∏´‡∏°‡∏∑‡∏≠‡∏ô‡∏ü‡∏±‡∏á‡∏ó‡∏µ‡πà‡∏£‡πâ‡∏≤‡∏ô ‡πÄ‡∏û‡∏•‡∏á‡∏Æ‡∏¥‡∏ï ‡πÄ‡∏≠‡∏≤‡πÉ‡∏à‡∏Ñ‡∏ô,22,19457,196,2026-02-26T23:00:58Z,https://i.ytimg.com/vi/bmDtj7bCfZ4/hqdefault.jpg
‡πÄ‡∏û‡∏∑‡πà‡∏≠‡∏ß‡∏¥‡∏ó‡∏¢‡∏≤‡∏®‡∏≤‡∏™‡∏ï‡∏£‡πå (Quarantine Zone: The Last Check),20,211253,4412,2026-02-26T11:32:38Z,https://i.ytimg.com/vi/8HmaOO3ZHGM/hqdefault.jpg
Jh4y - ‡∏´‡∏≤‡πÑ‡∏°‡πà‡πÄ‡∏à‡∏≠ ( Limited ) | Lyrics video,10,9443,1351,2026-02-27T18:47:27Z,https://i.ytimg.com/vi/LZvf1xk8sEE/hqdefault.jpg
‡πÄ‡∏£‡∏≤‡∏à‡∏∞‡∏õ‡∏Å‡∏õ‡πâ‡∏≠‡∏á‡∏Ñ‡∏£‡∏≠‡∏ö‡∏Ñ‡∏£‡∏±‡∏ß‡∏à‡∏≤‡∏Å‡∏û‡∏£‡∏∞‡∏≠‡∏≤‡∏ó‡∏¥‡∏ï‡∏¢‡πå‡∏™‡∏µ‡πÅ‡∏î‡∏á‡πÑ‡∏î‡πâ‡πÑ‡∏´‡∏°!?,20,65861,548,2026-02-27T09:01:28Z,https://i.ytimg.com/vi/xvgBrXWqsBE/hqdefault.jpg
PORZAX - ‚Äù ‡πÉ‡∏Ñ‡∏£‡πÑ‡∏°‡πà‡∏£‡∏±‡∏Å‡πÅ‡∏ï‡πà‡πÄ‡∏Ñ‡πâ‡∏≤‡∏£‡∏±‡∏Å ‚Äú (MV),20,118737,7182,2026-02-25T10:00:11Z,https://i.ytimg.com/vi/tu_QVnVWEsw/hqdefault.jpg
üî¥ [LIVE] ‡∏™‡∏î!! ùêèùêîùêÅùêÜ ùêìùê°ùêöùê¢ùê•ùêöùêßùêù ùêíùê°ùê®ùê∞-ùêéùêüùêü ùêíùê≠ùêöùê†ùêû ùêèùê°ùêöùê¨ùêû ùüè Grand Final Day 1,20,99425,860,2026-02-27T15:42:18Z,https://i.ytimg.com/vi/6m7uC4gTHaI/hqdefault.jpg
‡πÄ‡∏Ç‡πâ‡∏≤‡πÉ‡∏à‡∏´‡∏°‡∏î,10,18668,373,2026-02-26T17:02:27Z,https://i.ytimg.com/vi/zWSIZNaE-60/hqdefault.jpg
‡πÑ‡∏≠‡πÄ‡∏ï‡∏µ‡πâ‡∏¢ 4 ‡∏ï‡∏±‡∏ß @OPZTV,20,95518,3923,2026-02-27T12:16:52Z,https://i.ytimg.com/vi/8nlz4crWlHU/hqdefault.jpg
‡∏•‡∏π‡∏Å‡∏ó‡∏∏‡πà‡∏á‡∏≠‡∏°‡∏ï‡∏∞‡πÄ‡∏û‡∏•‡∏á‡∏î‡∏±‡∏á  ‡∏®‡∏£‡∏µ‡∏Ñ‡∏µ‡∏£‡∏µ ‡∏®‡∏£‡∏µ‡∏õ‡∏£‡∏∞‡∏à‡∏ß‡∏ö \ ‡∏ô‡πâ‡∏≥‡∏ó‡πà‡∏ß‡∏° \ ‡∏´‡∏ô‡∏≤‡∏ß‡∏•‡∏°‡∏ó‡∏µ‡πà‡πÄ‡∏£‡∏ì‡∏π \ ‡πÅ‡∏°‡πà‡∏Ñ‡πâ‡∏≤‡∏ï‡∏≤‡∏Ñ‡∏° \ ‡∏î‡∏≠‡∏Å‡∏£‡∏±‡∏Å‡∏ö‡∏≤‡∏ô‡πÅ‡∏•‡πâ‡∏ß,10,3981,37,2026-02-27T11:19:01Z,https://i.ytimg.com/vi/g58uj7RBe4k/hqdefault.jpg
‡∏ß‡∏¥‡πà‡∏á‡∏´‡∏ô‡∏µ‡∏™‡∏∂‡∏ô‡∏≤‡∏°‡∏¥(‡πÇ‡∏î‡∏ô‡πÄ‡∏î‡πá‡∏Å ‡∏õ.1 ‡∏´‡∏•‡∏≠‡∏Å) üíÄüíîüò≠Roblox Escape Tsunami Brainrot,20,24080,1144,2026-02-28T05:23:02Z,https://i.ytimg.com/vi/3E0MGk8nAas/hqdefault.jpg
"The Chainsmokers, Halsey - Closer (Lyrics)",10,99836,178,2026-02-24T17:00:38Z,https://i.ytimg.com/vi/1sEeXMzUFAg/hqdefault.jpg
Roblox : Garden Horizons üå± ‡πÄ‡∏Ç‡∏≤‡∏ö‡∏≠‡∏Å‡∏ß‡πà‡∏≤‡∏ô‡∏µ‡πà‡∏Ñ‡∏∑‡∏≠ Grow A Garden ‡∏†‡∏≤‡∏Ñ 2 !!!,20,37753,1851,2026-02-28T03:00:19Z,https://i.ytimg.com/vi/GmrP_p45lBg/hqdefault.jpg
‡∏≠‡∏°‡∏ï‡∏∞‡∏•‡∏π‡∏Å‡∏ó‡∏∏‡πà‡∏á | ‡πÄ‡∏û‡∏•‡∏á‡πÅ‡∏Å‡πâ..‡πÄ‡∏û‡∏•‡∏á‡πÄ‡∏Å‡∏µ‡πâ‡∏¢‡∏ß | ‡∏™‡∏∏‡∏£‡∏û‡∏• ‡∏™‡∏°‡∏ö‡∏±‡∏ï‡∏¥‡πÄ‡∏à‡∏£‡∏¥‡∏ç,10,12995,151,2026-02-18T10:15:16Z,https://i.ytimg.com/vi/x_gmka9Q7Tc/hqdefault.jpg
‡∏´‡∏ô‡∏µ‡∏¢‡∏≤‡∏¢‡∏†‡∏≤‡∏Ñ5 ‡πÅ‡∏ï‡πà‡∏Ñ‡∏£‡∏±‡πâ‡∏á‡∏ô‡∏µ‡πâ‡πÄ‡∏≠‡∏≤‡∏à‡∏£‡∏¥‡∏á‡∏ß‡∏∞ | granny 5,20,68220,2166,2026-02-27T09:00:00Z,https://i.ytimg.com/vi/Yr_hPi4MCsw/hqdefault.jpg
‡∏Ç‡∏≠‡πÉ‡∏´‡πâ‡πÄ‡∏£‡∏≤‡∏ó‡∏±‡πâ‡∏á‡∏Ñ‡∏π‡πà‡πÇ‡∏ä‡∏Ñ‡∏î‡∏µ (Good Luck to The Both of Us),10,140028,1944,2026-02-24T10:03:03Z,https://i.ytimg.com/vi/bXKVK5YGxic/hqdefault.jpg
"FC Mobile | ‡∏•‡πà‡∏≤ ‡∏Ñ‡∏£‡∏±‡∏ü ‡∏î‡πâ‡∏ß‡∏¢‡∏á‡∏ö 30,000 FC ‡∏ß‡∏±‡∏ô‡πÅ‡∏£‡∏Å‡πÄ‡∏î‡∏∑‡∏≠‡∏î‡πÜ ‡∏Å‡∏¥‡∏à‡∏Ç‡∏≠‡∏á‡πÅ‡∏´‡∏•‡∏° ‡∏•‡∏±‡πà‡∏ô‡πÜ !!",20,62973,2000,2026-02-27T11:01:03Z,https://i.ytimg.com/vi/W-vKasg2xeo/hqdefault.jpg
"BOOM 1000% - TEETEE, NORTH, WAVE Ost.‡∏î‡πâ‡∏ß‡∏á‡∏Å‡∏±‡∏ö‡πÄ‡∏ò‡∏≠ Duang With You Series | Official MV",10,181926,17783,2026-02-25T11:58:07Z,https://i.ytimg.com/vi/A96US_eOzWw/hqdefault.jpg
M14 ‡∏™‡∏Å‡∏¥‡∏ô‡πÄ‡∏™‡∏∑‡∏≠‡∏î‡∏≥‡∏™‡∏≤‡∏¢‡πÅ‡∏£‡∏á,20,46281,2642,2026-02-27T23:00:49Z,https://i.ytimg.com/vi/bF7xKcJSQtQ/hqdefault.jpg
Sia - Cheap Thrills (Lyrics) ft. Sean Paul,10,250319,711,2026-02-25T11:36:42Z,https://i.ytimg.com/vi/rd5K1zIhIt0/hqdefault.jpg
‡∏ï‡∏±‡∏ß Infinity ‡∏™‡∏∏‡∏î‡πÄ‡∏ó‡∏û‡∏ï‡∏±‡∏ß‡πÉ‡∏´‡∏°‡πà! ‡∏´‡∏ô‡∏µ‡∏™‡∏∂‡∏ô‡∏≤‡∏°‡∏¥‡πÄ‡∏û‡∏∑‡πà‡∏≠‡∏Ç‡πÇ‡∏°‡∏¢ Brianrots! | Roblox Escape Tsunami For Brianrots!,20,48896,1017,2026-02-27T09:15:06Z,https://i.ytimg.com/vi/yxYuC0KQrhg/hqdefault.jpg
